post_link,user,author_id,author_profile,role_inferred,sentiment_agentforce,justifications,evidence_quotes,n_comments
https://www.reddit.com/r/salesforce/comments/1mr9awo/salesforce_dev_content_creators/,x4738260,,https://www.reddit.com/user/x4738260,user,0.7,"The commenter expresses a very positive opinion about Salesforce Ben as a news source, but this sentiment is about a third-party content creator, not Salesforce or Agentforce itself. There is no explicit evidence of the user's relationship to Salesforce, so the default role is 'user' with low confidence.",it's absolutely the best source of Salesforce news on the internet.,1
https://www.reddit.com/r/salesforce/comments/1mr9awo/salesforce_dev_content_creators/,emerl_j,,https://www.reddit.com/user/emerl_j,user,0.2,"The comment lists several Salesforce-related resources, suggesting a generally positive or neutral attitude toward the Salesforce ecosystem. There is no explicit statement of personal use or employment, so the role remains 'user' with low confidence. The sentiment is slightly positive due to the helpful tone.",Salesforce Ben for news. | Salesforce Bolt on youtube. | Salesforce discord to share and ask questions.,1
https://www.reddit.com/r/salesforce/comments/1mr9awo/salesforce_dev_content_creators/,amitgpt11,,https://www.reddit.com/user/amitgpt11,user,0.2,"The comment suggests using 'Trailblazer', which is associated with Salesforce, but does not provide any explicit praise or critique. There is no evidence of the user's relationship to Salesforce, so the default role is 'user'. The sentiment is slightly positive as it recommends a Salesforce resource.",Use Trailblazer,1
https://www.reddit.com/r/salesforce/comments/1mr9awo/salesforce_dev_content_creators/,synchro_100,,https://www.reddit.com/user/synchro_100,user,0.1,"The comment discusses a news website's relevance to Salesforce updates but does not provide explicit praise or criticism of Salesforce or Agentforce. There is no evidence of the user's relationship to Salesforce, so the default role is 'user' with low confidence.",Bro its a news website not dev website ðŸ¤£ðŸ¤£. Consider it to be up to date on salesforce things,1
https://www.reddit.com/r/salesforce/comments/1mr9awo/salesforce_dev_content_creators/,big-blue-balls,,https://www.reddit.com/user/big-blue-balls,user,0.0,"The comment is a direct reply to another user's opinion about Salesforce Ben, not Salesforce or Agentforce itself. There is no explicit evidence of the commenter's relationship to Salesforce, nor is there a clear sentiment about Salesforce/Agentforce adoption or impact. | The comment discusses the relevance of SF Ben's content but does not provide any explicit information about the commenter's relationship to Salesforce or Agentforce. There is no clear sentiment about Salesforce adoption or impact, nor is there a direct critique or praise of Salesforce itself. | The comment is a brief response indicating agreement with the previous user's assessment of SF Ben's content. There is no explicit mention of Salesforce or Agentforce, nor is there any sentiment expressed about their adoption or impact. The role of the commenter is not stated, so the default 'user' is used.",Then youâ€™re probably not using Salesforce correctly | If you donâ€™t think SF Ben has any relevant content I find that highly unlikely. | Youâ€™ve just validated my suspicion.,3
https://www.reddit.com/r/salesforce/comments/1mr9awo/salesforce_dev_content_creators/,Interesting_Button60,,https://www.reddit.com/user/Interesting_Button60,user,0.0,"The comment simply lists names of Salesforce development content creators to follow, without expressing any opinion or personal experience regarding Salesforce or Agentforce. There is no explicit evidence of the user's role or sentiment about Salesforce.","Matt Gerry, Pablo Gonzalez, Igor Kudryk, Warren Walters would be 4 great people to follow for dev.",1
https://www.reddit.com/r/salesforce/comments/1mr9awo/salesforce_dev_content_creators/,HyenaIndependent2377,,https://www.reddit.com/user/HyenaIndependent2377,user,0.0,"The comment simply adds another name to a list of Salesforce dev content creators. There is no explicit mention of Salesforce usage, employment, or customer status, nor is there any sentiment expressed about Salesforce or Agentforce.",and i can add Nicolas Vuillaumy also,1
https://www.reddit.com/r/salesforce/comments/1mr9awo/salesforce_dev_content_creators/,Crazyboreddeveloper,,https://www.reddit.com/user/Crazyboreddeveloper,user,-0.123,"The commenter expresses a negative opinion about Salesforce Ben, a third-party content creator, not Salesforce or Agentforce itself. There is no explicit evidence of the user's relationship to Salesforce, so the default role is 'user' with low confidence. The sentiment is mildly negative but not directly about Salesforce/Agentforce adoption or impact. | The comment critiques Salesforce Ben, a third-party content creator, for lacking depth and omitting important details in their articles and videos. There is no explicit mention of Salesforce or Agentforce adoption or impact, and the criticism is not directed at Salesforce as a company or product. The role is set to 'user' due to lack of explicit self-identification. | The commenter discusses their experience fixing poorly configured Salesforce orgs, implying a negative view of how Salesforce is typically used, but does not explicitly state their own role as a customer or employee. The sentiment is slightly negative regarding Salesforce adoption due to the mention of widespread incorrect usage.","I have never found salesforce Ben to be helpful. | SFB articles are usually written to let you know something exists or to give you an overview. | They just leave out details a lot, itâ€™s just never been helpful for me.",8
https://www.reddit.com/r/salesforce/comments/1mr9awo/salesforce_dev_content_creators/,cadetwhocode,,https://www.reddit.com/user/cadetwhocode,user,-0.2,"The comment agrees with a previous statement that Salesforce Ben's content is mostly promotional, but does not directly address Salesforce or Agentforce itself. There is no explicit evidence of the user's relationship to Salesforce, so the default role is 'user' with low confidence. The sentiment is slightly negative, reflecting skepticism about the content's value.",I too agree most of the stuff looks promotional,1
