post_link,post_title,user,author_profile,role_inferred,sentiment_agentforce,justifications,evidence_quotes,n_comments
https://www.reddit.com/r/salesforce/comments/1lp25wl/agentforce_what_have_you_built/,AgentForce - What have you built?,queenofadmin,https://www.reddit.com/user/queenofadmin,user,0.8,"The commenter provides a detailed and positive account of various Agentforce implementations, describing multiple successful use cases and expressing enthusiasm for future plans. There is no explicit statement of being a Salesforce employee, customer, or admin, so the role remains 'user' with low confidence. The sentiment is strongly positive due to the breadth and depth of successful applications described.",Here’s what I’ve done with Agentforce so far: Implemented a “live chat” for a specific program we run. | Record summary. Summarises all the key information about a project so at a glance you can see the status. | Next up replacing each screen flow with Agents. Great use cases.,1
https://www.reddit.com/r/salesforce/comments/1lp25wl/agentforce_what_have_you_built/,AgentForce - What have you built?,bottomfeeder16,https://www.reddit.com/user/bottomfeeder16,user,0.8,"The commenter explicitly states they use Agentforce within flows at their financial firm, describing a positive impact on efficiency and time savings. Their description is based on direct experience, and the sentiment is clearly positive regarding Agentforce's adoption and impact.",I work for a financial firm that does annual review meetings with our clients. | I'm using Agentforce within flows to summarize some of our big data points | It should save our company a few hundred hours per year.,1
https://www.reddit.com/r/salesforce/comments/1lp25wl/agentforce_what_have_you_built/,AgentForce - What have you built?,Swimming_Plastic1533,https://www.reddit.com/user/Swimming_Plastic1533,user,0.7,"The comment expresses a positive view of AgentForce, highlighting its usefulness in automating time-consuming tasks. There is no explicit evidence that the commenter is a Salesforce employee, customer, or has direct experience, so the role is set to 'user' with low confidence.","AgentForce is great for turning those into smooth, automated workflows.",1
https://www.reddit.com/r/salesforce/comments/1lp25wl/agentforce_what_have_you_built/,AgentForce - What have you built?,SFAdminLife,https://www.reddit.com/user/SFAdminLife,user,0.6,"The commenter encourages others to embrace new Salesforce technologies like Agentforce, suggesting starting with trails and learning through projects. They express a positive attitude toward adoption and highlight case deflection as a major use case in their company, but do not explicitly state their own role as a customer or employee.","Why not start with the Agentforce trails, if you worry about being left behind? | Once you have a good understanding of the tech, you can try some projects to get familiar with use cases. | The biggest use case in my company right now is case deflection.",1
https://www.reddit.com/r/salesforce/comments/1lp25wl/agentforce_what_have_you_built/,AgentForce - What have you built?,Mindless_Anybody_104,https://www.reddit.com/user/Mindless_Anybody_104,user,0.6,"The commenter describes building a useful feature in their Agentforce development org and expresses a wish to have it in production, indicating a positive experience with Agentforce's capabilities. There is no explicit statement of being a Salesforce employee, customer, or other role, so 'user' is appropriate.",In my Agentforce dev org I built a template-triggered flow to neatly summarize my entries in the Setup Audit Trail between a start and end date. | Wish I could have it in production. Nice to review what I did last week :),1
https://www.reddit.com/r/salesforce/comments/1lp25wl/agentforce_what_have_you_built/,AgentForce - What have you built?,Suspicious-Nerve-487,https://www.reddit.com/user/Suspicious-Nerve-487,user,0.4,"The comment discusses the flexibility and power of Agentforce features, such as prompt templates and headless agents, and highlights their usefulness in automation. The tone is positive about the technology's capabilities, though it also notes that Salesforce is actively promoting the product. There is no explicit evidence of the user's role, so default values are used.","Prompt templates are INSANELY powerful and can be embedded within flows to automatically do more complex, advanced tasks. | You can also embed headless agents within automation tools to scale and tie in Gen AI to more rigid automations | Tons and tons of use cases (especially within existing automation) that can fit into existing processes without throwing agents everywhere just because Salesforce is pushing the product",1
https://www.reddit.com/r/salesforce/comments/1lp25wl/agentforce_what_have_you_built/,AgentForce - What have you built?,firestormodk,https://www.reddit.com/user/firestormodk,user,0.4,"The commenter gives advice on how to get familiar with the platform by building fictitious scenarios, suggesting a positive and encouraging attitude toward learning Agentforce/Salesforce. There is no explicit mention of personal use or employment, so the role remains 'user'. The sentiment is mildly positive as the advice is constructive.","I’d suggest building out fictitious scenarios to get familiar with the platform. | Here’s an idea for a fictitious use case: A hotel booking agent that can create, modify, and cancel bookings.",1
https://www.reddit.com/r/salesforce/comments/1lp25wl/agentforce_what_have_you_built/,AgentForce - What have you built?,MaintenanceStatus329,https://www.reddit.com/user/MaintenanceStatus329,user,0.3,"The comment discusses common use cases for Agentforce, such as finding answers and appointment scheduling, and suggests these are effective. There is a mildly positive sentiment toward the utility of Agentforce, but no explicit praise or critique of Salesforce as a company. The user's role is not stated.","the most common use cases are most effective | finding answers based on past cases, appointment scheduling etc",1
https://www.reddit.com/r/salesforce/comments/1lp25wl/agentforce_what_have_you_built/,AgentForce - What have you built?,LostinLies1,https://www.reddit.com/user/LostinLies1,user,0.3,"The comment is encouraging and supportive about learning Salesforce and Agentforce, suggesting resources like YouTube and Trailhead. However, it does not provide explicit praise or critique of Salesforce or Agentforce itself, nor does it indicate the user's direct relationship to Salesforce. The sentiment is mildly positive due to the encouragement to engage with Salesforce learning resources.","Watch some YT videos, do some trailheads. | You've got the best resource right within you, your experience!",1
https://www.reddit.com/r/salesforce/comments/1lp25wl/agentforce_what_have_you_built/,AgentForce - What have you built?,Worth-Sandwich-7826,https://www.reddit.com/user/Worth-Sandwich-7826,user,0.3,"The comment discusses using Agentforce for internal lead enrichment and mentions leveraging Grax and contact history, indicating a mildly positive view of its utility. There is no explicit statement of the user's relationship to Salesforce, so the default role is 'user' with low confidence.","Agentforce is still fairly new, you have time. | The main thing we're doing is using it internally for lead enrichment since we have Grax and can leverage contact history and web search.",1
https://www.reddit.com/r/salesforce/comments/1lp25wl/agentforce_what_have_you_built/,AgentForce - What have you built?,Future-Field,https://www.reddit.com/user/Future-Field,user,0.25,"The comment is encouraging and positive about learning new things, including Salesforce and Agentforce, but does not provide explicit praise or critique of Salesforce or Agentforce itself. There is no evidence of the user's personal or professional relationship to Salesforce, so the default role is 'user'. | The commenter expresses interest and curiosity about Agentforce features, asking follow-up questions about ROI measurement, image analysis accuracy, and process replacement. There is a mildly positive sentiment due to the engagement and interest, but no explicit praise or critique. No evidence of the user's role beyond general participation.","Watch some YT videos, do some trailheads. | You've got the best resource right within you, your experience! | Great use cases. Are you measuring ROI?",2
https://www.reddit.com/r/salesforce/comments/1lp25wl/agentforce_what_have_you_built/,AgentForce - What have you built?,Material-Draw4587,https://www.reddit.com/user/Material-Draw4587,user,0.227,"The commenter discusses building internal-facing chat and using Flex Prompts with Salesforce tools, and notes that Salesforce's demos are often recycled. They express a mildly positive sentiment about hands-on access via DE orgs, but also hint at skepticism about Salesforce's marketing versus reality. There is no explicit evidence of their role as a customer or employee. | The commenter is clarifying that their previous examples were based on their own builds, and makes a general statement about the difference between demos and real-world use. There is no explicit praise or criticism of Salesforce or Agentforce, nor is there clear evidence of the user's relationship to Salesforce beyond being a participant in the discussion.","Internal-facing chat for questions about our products (RAG with Data Cloud and a Flex Prompt), calling Flex Prompts from flows to summarize cases and create draft knowledge articles from cases | I know Agentforce for Service Cloud is a thing, we don't have that | you can do that now with a DE org so there isn't really a reason to get 'left behind'",2
https://www.reddit.com/r/salesforce/comments/1lp25wl/agentforce_what_have_you_built/,AgentForce - What have you built?,JDubyu77,https://www.reddit.com/user/JDubyu77,user,0.2,"The comment gives general advice about automation but does not explicitly mention Salesforce or Agentforce. There is a slight positive sentiment toward automation, which could be relevant to Agentforce, but no direct reference is made.","Best advice is to find processes that are repetitive and/or menial or time-consuming things, see if replacement by automation could be the answer.",1
https://www.reddit.com/r/salesforce/comments/1lp25wl/agentforce_what_have_you_built/,AgentForce - What have you built?,Unique_Tap_4323,https://www.reddit.com/user/Unique_Tap_4323,user,0.0,"The comment is a general statement about building solutions based on client needs and does not explicitly mention Salesforce or Agentforce. There is no evidence of the user's relationship to Salesforce, nor is there any sentiment expressed about Salesforce or Agentforce.",I would only build something if the client needs it,1
https://www.reddit.com/r/salesforce/comments/1lp25wl/agentforce_what_have_you_built/,AgentForce - What have you built?,BeingHuman30,https://www.reddit.com/user/BeingHuman30,user,-0.2,"The commenter expresses skepticism about Salesforce's repeated use of the same examples in their tours and implies that demos do not reflect real-world usage. There is no explicit evidence of their role, so 'user' is assigned with low confidence. The sentiment is mildly negative due to the critique of Salesforce's marketing approach.","These examples have been recycled again and again by salesforce in all their tours so far. | as I'm sure you know, demos are a different thing than reality",1
