user,author_id,author_profile,role_inferred,sentiment_agentforce,justifications,evidence_quotes,n_comments
kolson256,t2_mdvt6,https://www.reddit.com/user/kolson256,unknown,0.7,"The commenter explicitly states they are conducting a proof of concept (PoC) with Agentforce and plan to implement it after upgrading their telephony integration, indicating direct involvement as a customer. Their sentiment is positive, highlighting promising demos and anticipated benefits such as reduced after-call work and improved agent assist capabilities.",we are currently doing a PoC with Agentforce that I assume will do just as well | We will be implementing this next year after we do the foundational work upgrading our telephony integration | I have also seen demos of real-time agent assist capabilities ... that looked very promising,1
DirectionLast2550,t2_1j6u7vxn4z,https://www.reddit.com/user/DirectionLast2550,unknown,0.7,"The comment provides a detailed and positive assessment of Salesforce Agentforce's effectiveness, especially when integrated with multichannel solutions. However, there is no explicit statement indicating the user's relationship to Salesforce or Agentforce, so the role must remain 'unknown'. The sentiment is clearly positive, focusing on benefits like reduced workload and improved response times.","Salesforce Agentforce can be highly effective for AI-powered customer support when itâ€™s paired with the right communication workflows. | The AI helps with intent detection, routing, and knowledge-based responses, which can significantly reduce agent workload and improve first-response times. | Thatâ€™s where solutions like SMS Ninja integrate seamlessly with Salesforce to unify messaging channels (SMS, WhatsApp, Telegram, Facebook Messenger, etc.)",1
zzbear03,t2_jt2uc6dzf,https://www.reddit.com/user/zzbear03,unknown,0.5,"The comment discusses the effectiveness of Salesforce Agentforce, highlighting positive outcomes when data is consolidated and some issues when the agent accesses the internet. There is no explicit statement about the user's role or direct experience, so the role remains unknown. The sentiment is moderately positive, focusing on the product's strengths with some caveats.","if you have robust knowledge articles the agent works well | if youâ€™ve consolidated all data in data cloud, the agent works well | if you let the agent roam the internet for answers then it can get wonky lol",1
Oleg_Dobriy,t2_9r8ozc2i,https://www.reddit.com/user/Oleg_Dobriy,unknown,0.2,"The commenter offers to help troubleshoot Agentforce and mentions having implemented it before, but does not explicitly state their role or relationship to Salesforce. There is a slight positive sentiment as they imply Agentforce should be working if implemented correctly, but no direct praise or critique of Salesforce or Agentforce itself.","Can you dm me the details? Implemented it a few times, so should be working",1
The-McDuck,t2_45r85k1c,https://www.reddit.com/user/The-McDuck,unknown,0.1,"The comment discusses technical options for bringing data into Salesforce, mentioning Mulesoft and knowledge articles. There is no explicit statement about the user's relationship to Salesforce, so the role remains unknown. The sentiment is slightly positive as the user provides helpful suggestions, but there is no strong praise or critique.","You can to do many different ways - to bring in your data. | Mulesoft via api, use knowledge articles instead of data library",1
Interesting_Arm_8541,t2_w4oii3a5q,https://www.reddit.com/user/Interesting_Arm_8541,unknown,0.1,"The commenter references a story about Rochester Electronics using Agentforce but does not provide any personal experience or explicit opinion. There is no evidence of the commenter's role or direct sentiment, and the comment is a minimal response to a request for real-world examples.",Story from Rochester Electronics on how theyâ€™ve used it.,1
Creative-Lobster3601,t2_1j7emisbcf,https://www.reddit.com/user/Creative-Lobster3601,unknown,0.033,"The comment provides technical information about Salesforce Data Cloud requirements but does not indicate the user's relationship to Salesforce or Agentforce. There is no explicit praise or critique, nor is there evidence of personal experience or role. | The comment provides factual information about Salesforce Agentforce and Data Cloud being free with certain editions, but does not indicate the user's personal experience or role. The sentiment is slightly positive as it highlights a benefit (free access), but there is no explicit praise or critique. | The commenter provides a technical suggestion ('You need data cloud for this') but does not reveal their relationship to Salesforce or Agentforce. There is no explicit praise or critique, but the context implies a limitation or requirement for Agentforce functionality, which could be seen as mildly negative. No direct evidence of role is present.",You would need Salesforce Data Cloud where you would be uploading your knowledge base to get this working. | Agentforce and Data cloud is free via Salesforce Foundations which is free for Enterprise Edition and above. | You need data cloud for this.,3
GriffinNowak,t2_95s3rcpm,https://www.reddit.com/user/GriffinNowak,unknown,0.0,"The comment is a general question about knowledge bases and customer importance, with no explicit mention of Salesforce or Agentforce. There is no evidence of the user's role or sentiment toward Salesforce/Agentforce.",How good is your knowledge base and how important is an individual customer to you?,1
bog_deavil13,t2_zciz5,https://www.reddit.com/user/bog_deavil13,unknown,0.0,The comment is a general statement about the alignment of queries to a knowledge base and does not reference Salesforce or Agentforce directly. There is no explicit evidence of the user's role or sentiment toward Salesforce/Agentforce.,and how closely your queries align to any possible knowledge base.,1
Swimming_Plastic1533,t2_1jzsdiam6v,https://www.reddit.com/user/Swimming_Plastic1533,unknown,0.0,"The comment is a generic acknowledgment ('ok, thanks') and does not provide any information about the user's relationship to Salesforce or their opinion on Agentforce. There is no explicit evidence of role or sentiment. | The comment simply offers to connect for further discussion and does not provide any explicit information about the user's relationship to Salesforce or Agentforce. There is no evidence of personal usage, employment, or sentiment about the product.","ok, thanks | we can connect to discuss more",2
ReceptionRelative426,t2_pjpt1jia3,https://www.reddit.com/user/ReceptionRelative426,unknown,0.0,"The comment provides file size limits for text and PDF but does not express any opinion, sentiment, or personal experience regarding Salesforce or Agentforce. There is no explicit evidence of the user's role or their relationship to Salesforce.",6 MB for text and 400 for pdf,1
onetonnesam,t2_14juz7,https://www.reddit.com/user/onetonnesam,unknown,0.0,"The comment is a straightforward question about the number of contact centre users and does not provide any information about the commenter's relationship to Salesforce or Agentforce, nor does it express any sentiment about these products.",Roughly how many contact centre users do you have?,1
Sea_Mouse655,t2_83qmg4oh,https://www.reddit.com/user/Sea_Mouse655,unknown,0.0,The comment references a statement attributed to Marc Benioff about Agentforce's effectiveness but does not provide any personal experience or explicit role identification. The sentiment is neutral as the comment simply relays a claim without expressing a clear opinion.,According to Marc Benioff it does half of the work at Salesforce ðŸ¤ª,1
Interesting_Button60,t2_vlxte733,https://www.reddit.com/user/Interesting_Button60,unknown,0.0,"The commenter simply states they have not seen a real-world example, without providing any personal experience, opinion, or explicit mention of their relationship to Salesforce or Agentforce. There is no sentiment expressed about Salesforce/Agentforce, nor is there any evidence of the user's role. | The commenter is requesting examples of Agentforce adoption by companies other than Salesforce, specifically SMBs. There is no explicit information about their relationship to Salesforce or Agentforce, nor any sentiment expressed about the products.","I haven't seen a real world example | I'm not gonna count that, I mean a company that isn't Salesforce. | And ideally a realistic SMB example is what I'm after.",2
DoubleTigerMUCU,t2_s0njh,https://www.reddit.com/user/DoubleTigerMUCU,unknown,0.0,The comment simply says 'Salesforce help?' without providing any information about the user's relationship to Salesforce or their opinion on Agentforce. There is no explicit evidence of the user's role or sentiment.,Salesforce help?,1
KingB408,t2_10y4my,https://www.reddit.com/user/KingB408,unknown,0.0,"The comment simply states 'This sounds like an AI response' and does not provide any information about the user's relationship to Salesforce or Agentforce, nor does it express any sentiment about the product itself. There is no explicit evidence of the user's role or opinion on Salesforce/Agentforce.",This sounds like an AI response.,1
Rocky-Mapache,t2_uwuql554,https://www.reddit.com/user/Rocky-Mapache,unknown,-0.2,"The comment 'Free like a puppy' is a common idiom implying that while something may be free to acquire, it comes with ongoing responsibilities or costs. This is a subtle critique of Salesforce/Agentforce, suggesting there are hidden complexities or burdens. There is no explicit evidence of the user's role or direct experience.",Free like a puppy,1
big-blue-balls,t2_wbr8c,https://www.reddit.com/user/big-blue-balls,unknown,-0.3,"The commenter criticizes the parent user's implementation skills but does not provide any explicit information about their own relationship to Salesforce or Agentforce. There is a mildly negative sentiment implied toward the parent user's experience, but no direct sentiment about Salesforce or Agentforce itself. No evidence is present to assign a specific role.",Sounds like you just donâ€™t know how to implement it.,1
nicorw,t2_owaaf,https://www.reddit.com/user/nicorw,unknown,-0.481,"The commenter explicitly states they have 'data cloud' and are involved in implementation, indicating direct usage of Salesforce products. They mention a platform bug and an escalated case, suggesting some dissatisfaction or frustration, leading to a slightly negative sentiment. The comment is directly about Salesforce technology. | The commenter explicitly states they are implementing Agentforce and describes their direct experience with support issues and platform bugs. Their sentiment is negative due to unresolved problems and lack of support. The comment directly critiques Salesforce/Agentforce.","Yeah, I have data cloud | I do know how to implement and there is actually a platform bugâ€¦ case has been escalated to R&D | Implementing right now, very basic use case where Agentforce does a summary of cases and some knowledge infoâ€¦",2
ThanksNo3378,t2_skhsbtsh,https://www.reddit.com/user/ThanksNo3378,unknown,-0.6,"The commenter expresses frustration with Salesforce's inability to provide positive use cases for Agentforce, indicating a negative sentiment toward its adoption or impact. However, there is no explicit statement that the commenter is a customer or employee, so the role remains unknown.","Still struggle to get a positive use case after asking our Salesforce account manager multiple times. | Their response keeps being, weâ€™ll have some case studies soon",1
